drug,trial,condition,sponsor,sponsor_class
donepezil,NCT02550665,Alzheimer's Disease,Asan Medical Center,OTHER
Donepezil,NCT00805792,Ischemic Stroke,Mayo Clinic,OTHER
Donepezil,NCT04661280,"Alzheimer Disease, Early Onset",Assistance Publique - Hôpitaux de Paris,OTHER
Donepezil,NCT02918266,Healthy Volunteers,Takeda,INDUSTRY
Donepezil Placebo,NCT02918266,Healthy Volunteers,Takeda,INDUSTRY
Donepezil,NCT02769065,Alzheimer Disease,Takeda,INDUSTRY
Donepezil,NCT02769065,Healthy Volunteers,Takeda,INDUSTRY
Donepezil Placebo,NCT02769065,Alzheimer Disease,Takeda,INDUSTRY
Donepezil Placebo,NCT02769065,Healthy Volunteers,Takeda,INDUSTRY
Donepezil,NCT00352664,Advanced Cancer,M.D. Anderson Cancer Center,OTHER
donepezil hcl,NCT00188812,Dementia Associated With Cerebrovascular Disease,"University Health Network, Toronto",OTHER
Donepezil,NCT04505670,Wound Heal,"University of Maryland, Baltimore",OTHER
Donepezil 5-10 Mg Oral Tablet,NCT04507438,"Diabetes Mellitus, Type 2","University of Maryland, Baltimore",OTHER
Donepezil Hydrochloride,NCT04013477,Healthy,"Dong-A ST Co., Ltd.",INDUSTRY
donepezil,NCT00482001,Mental Health,Sunnybrook Health Sciences Centre,OTHER
donepezil,NCT00482001,Geriatrics,Sunnybrook Health Sciences Centre,OTHER
Donepezil,NCT02857244,Parkinson's Disease,University of Chicago,OTHER
Donepezil,NCT01584076,Amblyopia,Boston Children's Hospital,OTHER
Donepezil,NCT00227994,Cerebrovascular Accident,University of Pittsburgh,OTHER
Donepezil HCl,NCT00047697,Autistic Disorder,University of Pittsburgh,OTHER
Donepezil,NCT00177671,Dementia,University of Pittsburgh,OTHER
Donepezil,NCT00177671,Depression,University of Pittsburgh,OTHER
Donepezil,NCT01362686,Dementia,Indiana University,OTHER
Donepezil,NCT01362686,Alzheimer's Disease,Indiana University,OTHER
donepezil,NCT00843115,Alzheimer's Disease,Pfizer,INDUSTRY
Donepezil,NCT01213355,Healthy,Pfizer,INDUSTRY
donepezil (Aricept),NCT00987220,Dementia,Pfizer,INDUSTRY
donepezil (Aricept),NCT00987220,Alzheimer's Disease,Pfizer,INDUSTRY
Donepezil,NCT01082965,Alzheimer's Disease,Pfizer,INDUSTRY
Donepezil,NCT00174382,"Dementia, Vascular",Pfizer,INDUSTRY
Donepezil,NCT00174382,"Dementia, Mixed",Pfizer,INDUSTRY
Donepezil (Aricept),NCT00467766,Alzheimer Disease,Pfizer,INDUSTRY
Donepezil (Aricept),NCT00467766,Caregivers,Pfizer,INDUSTRY
Donepezil (Aricept),NCT00630851,Alzheimer Disease,Pfizer,INDUSTRY
Scopolamine + Donepezil Placebo + PF-04995274 Placebo,NCT01345864,Healthy,Pfizer,INDUSTRY
Scopolamine + Donepezil 5 mg + PF-04995274 Placebo,NCT01345864,Healthy,Pfizer,INDUSTRY
Scopolamine + Donepezil 10mg + PF-04995274 Placebo,NCT01345864,Healthy,Pfizer,INDUSTRY
Scopolamine + Donepezil Placebo + PF-04995274 0.25 mg,NCT01345864,Healthy,Pfizer,INDUSTRY
Scopolamine + Donepezil Placebo + PF-04995274 15 mg,NCT01345864,Healthy,Pfizer,INDUSTRY
Donepezil,NCT00895895,Alzheimer Disease,Pfizer,INDUSTRY
Donepezil,NCT00182845,Delirium,Pfizer,INDUSTRY
Donepezil,NCT00182845,Postoperative Complications,Pfizer,INDUSTRY
Donepezil,NCT02450786,Parkinson's Disease,Yonsei University,OTHER
Donepezil,NCT01442766,Acute Stroke,Imperial College London,OTHER
Donepezil,NCT01677754,Alzheimer's Disease,Hoffmann-La Roche,INDUSTRY
donepezil and questionaires,NCT00594633,Brain Tumor,Memorial Sloan Kettering Cancer Center,OTHER
donepezil and questionaires,NCT00594633,Cognitive Dysfunction,Memorial Sloan Kettering Cancer Center,OTHER
donepezil and questionaires,NCT00594633,Brain Cancer,Memorial Sloan Kettering Cancer Center,OTHER
donepezil and questionaires,NCT00594633,Cns Cancer,Memorial Sloan Kettering Cancer Center,OTHER
Donepezil,NCT02264353,Obstructive Sleep Apnea,"University of California, San Diego",OTHER
Donepezil,NCT02051335,Alzheimer's Disease,AstraZeneca,INDUSTRY
Donepezil,NCT02051335,Memory Impairment,AstraZeneca,INDUSTRY
Donepezil placebo,NCT02051335,Alzheimer's Disease,AstraZeneca,INDUSTRY
Donepezil placebo,NCT02051335,Memory Impairment,AstraZeneca,INDUSTRY
Donepezil,NCT00713765,Alzheimer's Disease,AstraZeneca,INDUSTRY
Donepezil,NCT02406261,Healthy,AstraZeneca,INDUSTRY
Donepezil,NCT01125683,Alzheimer´s Disease,AstraZeneca,INDUSTRY
donepezil,NCT01044342,Cognition,AstraZeneca,INDUSTRY
Donepezil,NCT01024660,Alzheimer's Disease,AstraZeneca,INDUSTRY
Donepezil,NCT00501111,Alzheimer Disease,AstraZeneca,INDUSTRY
Donepezil,NCT03090516,Alzheimer's,The First Affiliated Hospital with Nanjing Medical University,OTHER
Ginkgo biloba dispersible tablets and Donepezil,NCT03090516,Alzheimer's,The First Affiliated Hospital with Nanjing Medical University,OTHER
donepezil HCL,NCT02087865,Genetic Risk for Alzheimer's Disease,The Cleveland Clinic,OTHER
"Donepezil, 5 mg daily",NCT00467389,Cocaine Abuse and Dependence,US Department of Veterans Affairs,FED
Donepezil,NCT01923259,Healthy,Dr. Reddy's Laboratories Limited,INDUSTRY
Donepezil Hydrochloride,NCT01504503,Healthy,Dr. Reddy's Laboratories Limited,INDUSTRY
Donepezil,NCT01923558,Healthy,Dr. Reddy's Laboratories Limited,INDUSTRY
Donepezil Hydrochloride,NCT01504516,Healthy,Dr. Reddy's Laboratories Limited,INDUSTRY
Donepezil group,NCT07153991,Tinnitus,University of Sao Paulo,OTHER
Donepezil,NCT01633593,Elderly,University of Sao Paulo,OTHER
Donepezil,NCT01633593,Intensive Care (ICU) Myopathy,University of Sao Paulo,OTHER
Donepezil,NCT01633593,Delirium of Unknown (Axis III) Etiology,University of Sao Paulo,OTHER
Memantine Tab. 10mg + Donepezil Tab. 10mg,NCT03569579,Central Nervous System Diseases,Chong Kun Dang Pharmaceutical,INDUSTRY
Donepezil,NCT06041789,Osteoporosis,Duke University,OTHER
Donepezil,NCT05538507,Alzheimer Disease,Peking Union Medical College Hospital,OTHER
Donepezil,NCT05538507,Mild Cognitive Impairment,Peking Union Medical College Hospital,OTHER
donepezil,NCT00586196,Delirium,Beth Israel Deaconess Medical Center,OTHER
Donepezil,NCT06518941,Anorexia Nervosa,New York State Psychiatric Institute,OTHER
Donepezil,NCT01951118,Alzheimer Disease,New York State Psychiatric Institute,OTHER
Donepezil,NCT01951118,Mild Cognitive Impairment,New York State Psychiatric Institute,OTHER
Donepezil,NCT01951118,"Delirium, Dementia, Amnestic, Cognitive Disorders",New York State Psychiatric Institute,OTHER
Donepezil,NCT01845636,Mild Cognitive Impairment,New York State Psychiatric Institute,OTHER
Donepezil,NCT01658228,Depression,New York State Psychiatric Institute,OTHER
Donepezil,NCT01658228,Mild Cognitive Impairment,New York State Psychiatric Institute,OTHER
Donepezil (Aricept®),NCT00768261,Dementia,Washington University School of Medicine,OTHER
Donepezil,NCT00030979,Parkinson Disease,National Institute of Neurological Disorders and Stroke (NINDS),NIH
DONEPEZIL HYDROCHLORIDE,NCT00165659,Alzheimer Disease,Eisai Limited,INDUSTRY
Donepezil hydrochloride,NCT00695136,Autism,National Institute of Mental Health (NIMH),NIH
Donepezil hydrochloride,NCT00695136,Cognition Disorder,National Institute of Mental Health (NIMH),NIH
Donepezil,NCT01887132,Autism Spectrum Disorders,National Institute of Mental Health (NIMH),NIH
Donepezil,NCT00887601,Dementia,Merck Sharp & Dohme LLC,INDUSTRY
Donepezil 5 - 10 mg,NCT00777608,Alzheimer's Disease,Merck Sharp & Dohme LLC,INDUSTRY
Donepezil 10 mg,NCT00777608,Alzheimer's Disease,Merck Sharp & Dohme LLC,INDUSTRY
Donepezil,NCT02064920,Alzheimer's Disease,Merck Sharp & Dohme LLC,INDUSTRY
Donepezil,NCT04730635,Alzheimer's Disease,Merck Sharp & Dohme LLC,INDUSTRY
Donepezil,NCT04730635,Mild Cognitive Impairment,Merck Sharp & Dohme LLC,INDUSTRY
Donepezil 5mg,NCT00874939,Dementia,Merck Sharp & Dohme LLC,INDUSTRY
Donepezil 5mg,NCT00874939,Alzheimer's Disease,Merck Sharp & Dohme LLC,INDUSTRY
Placebo to Donepezil,NCT00874939,Dementia,Merck Sharp & Dohme LLC,INDUSTRY
Placebo to Donepezil,NCT00874939,Alzheimer's Disease,Merck Sharp & Dohme LLC,INDUSTRY
A: Placebo to match Donepezil and MK-3134 + Placebo to match Scopolamine,NCT01181310,Dementia,Merck Sharp & Dohme LLC,INDUSTRY
B: Placebo to match Donepezil and MK-3134 + Scopolamine 0.5 mg,NCT01181310,Dementia,Merck Sharp & Dohme LLC,INDUSTRY
D: Donepezil 10 mg + Scopolamine 0.5 mg,NCT01181310,Dementia,Merck Sharp & Dohme LLC,INDUSTRY
E: Combo: Donepezil 10 mg + MK-3134 25 mg + Scopolamine 0.5 mg,NCT01181310,Dementia,Merck Sharp & Dohme LLC,INDUSTRY
Donepezil,NCT04308304,Alzheimer's Disease,Merck Sharp & Dohme LLC,INDUSTRY
Donepezil,NCT06285240,Alzheimer's Disease,Merck Sharp & Dohme LLC,INDUSTRY
donepezil hydrochloride,NCT00006349,Delirium,Alliance for Clinical Trials in Oncology,OTHER
donepezil hydrochloride,NCT00006349,Depression,Alliance for Clinical Trials in Oncology,OTHER
donepezil hydrochloride,NCT00006349,Lung Cancer,Alliance for Clinical Trials in Oncology,OTHER
donepezil hydrochloride,NCT00006349,Radiation Toxicity,Alliance for Clinical Trials in Oncology,OTHER
donepezil hydrochloride,NCT00006349,Cognitive/Functional Effects,Alliance for Clinical Trials in Oncology,OTHER
Donepezil,NCT05438264,Bilateral Sensorineural Hearing Loss,Vanderbilt University Medical Center,OTHER
Donepezil,NCT00708552,Alzheimer's Disease,GlaxoSmithKline,INDUSTRY
Donepezil,NCT00348309,Alzheimer's Disease,GlaxoSmithKline,INDUSTRY
donepezil,NCT00348192,Alzheimer's Disease,GlaxoSmithKline,INDUSTRY
Donepezil,NCT01485185,"Pain, Neuropathic",GlaxoSmithKline,INDUSTRY
donepezil 5-10mg,NCT00710684,Alzheimer's Disease,GlaxoSmithKline,INDUSTRY
Donepezil,NCT00934531,Falls,London Health Sciences Centre Research Institute OR Lawson Research Institute of St. Joseph's,OTHER
Donepezil,NCT00934531,Balance,London Health Sciences Centre Research Institute OR Lawson Research Institute of St. Joseph's,OTHER
Donepezil,NCT00934531,Mild Cognitive Impairment (MCI),London Health Sciences Centre Research Institute OR Lawson Research Institute of St. Joseph's,OTHER
Donepezil,NCT00934531,Gait,London Health Sciences Centre Research Institute OR Lawson Research Institute of St. Joseph's,OTHER
Donepezil,NCT01521117,Parkinson's Disease,Oregon Health and Science University,OTHER
Donepezil,NCT02206620,Parkinson's Disease,Oregon Health and Science University,OTHER
Donepezil,NCT03599726,Parkinson Disease,Oregon Health and Science University,OTHER
Donepezil,NCT00912808,Parkinson's Disease,Oregon Health and Science University,OTHER
donepezil,NCT00043589,Memory Disorders,Stanford University,OTHER
Donepezil,NCT02988908,Memory,Stanford University,OTHER
donepezil,NCT01120626,Fragile X Syndrome,Stanford University,OTHER
donepezil,NCT00220584,Fragile X Syndrome,Stanford University,OTHER
Donepezil,NCT05592678,Dementia,The University of Texas Health Science Center at San Antonio,OTHER
Donepezil,NCT05592678,Cognitive Decline,The University of Texas Health Science Center at San Antonio,OTHER
Donepezil,NCT05592678,Alzheimer's Disease (AD),The University of Texas Health Science Center at San Antonio,OTHER
Donepezil,NCT05592678,Mild Cognitivie Impairment (MCI),The University of Texas Health Science Center at San Antonio,OTHER
Donepezil Hydrochloride,NCT03073876,Alzheimer Disease,NYU Langone Health,OTHER
Donepezil,NCT02222727,Aneurysmal Subarachnoid Hemorrhage,"St George's, University of London",OTHER
Donepezil,NCT02222727,Vasospasm,"St George's, University of London",OTHER
Donepezil,NCT02222727,Delayed Cerebral Ischemia,"St George's, University of London",OTHER
Donepezil,NCT02222727,Delayed Neurological Deficit,"St George's, University of London",OTHER
donepezil hydrochloride,NCT00070161,Radiation Toxicity,Wake Forest University Health Sciences,OTHER
donepezil hydrochloride,NCT00070161,Brain and Central Nervous System Tumors,Wake Forest University Health Sciences,OTHER
donepezil hydrochloride,NCT01466270,Breast Cancer,Wake Forest University Health Sciences,OTHER
donepezil hydrochloride,NCT01466270,Depression,Wake Forest University Health Sciences,OTHER
donepezil hydrochloride,NCT01466270,Cognition Disorders,Wake Forest University Health Sciences,OTHER
donepezil hydrochloride,NCT01466270,Anxiety Disorder,Wake Forest University Health Sciences,OTHER
donepezil hydrochloride,NCT01466270,Sleep Disorders,Wake Forest University Health Sciences,OTHER
donepezil hydrochloride,NCT01466270,Fatigue,Wake Forest University Health Sciences,OTHER
Donepezil,NCT00452868,Radiation Toxicity,Wake Forest University Health Sciences,OTHER
Donepezil,NCT00452868,Brain and Central Nervous System Tumors,Wake Forest University Health Sciences,OTHER
Donepezil,NCT00452868,Psychosocial Effects of Cancer and Its Treatment,Wake Forest University Health Sciences,OTHER
Donepezil,NCT00452868,Neurotoxicity,Wake Forest University Health Sciences,OTHER
Donepezil,NCT00452868,Cognitive/Functional Effects,Wake Forest University Health Sciences,OTHER
Donepezil,NCT00452868,Long-term Effects Secondary to Cancer Therapy in Children,Wake Forest University Health Sciences,OTHER
donepezil hydrochloride,NCT00369785,Metastatic Disease,Wake Forest University Health Sciences,OTHER
donepezil hydrochloride,NCT00369785,Brain Tumors,Wake Forest University Health Sciences,OTHER
Donepezil 5 mg,NCT02822573,Cognitive Dysfunction,Wake Forest University Health Sciences,OTHER
Donepezil 5 mg,NCT02822573,Memory Impairment,Wake Forest University Health Sciences,OTHER
Donepezil,NCT02337907,Alzheimer Disease,Boehringer Ingelheim,INDUSTRY
Donepezil,NCT03905096,Healthy,Boehringer Ingelheim,INDUSTRY
Donepezil,NCT02635750,Healthy,Boehringer Ingelheim,INDUSTRY
Donepezil drug treatment,NCT07060391,Alzheimer's Disease,Shanghai Jiao Tong University School of Medicine,OTHER
donepezil,NCT00948909,Alzheimer's Disease,"AbbVie (prior sponsor, Abbott)",INDUSTRY
donepezil,NCT01018875,Alzheimer's Disease,"AbbVie (prior sponsor, Abbott)",INDUSTRY
donepezil,NCT01137526,Alzheimer's Disease,"AbbVie (prior sponsor, Abbott)",INDUSTRY
donepezil,NCT01527916,Alzheimer's Disease,"AbbVie (prior sponsor, Abbott)",INDUSTRY
Donepezil Hydrochloride,NCT02162251,Alzheimer's Desease,"Eisai Co., Ltd.",INDUSTRY
donepezil HCl,NCT01063556,End-Stage Renal Disease,"Eisai Co., Ltd.",INDUSTRY
Donepezil hydrochloride,NCT02660983,Dementia Associated With Cerebrovascular Disease,"Eisai Co., Ltd.",INDUSTRY
Donepezil matching placebo,NCT02660983,Dementia Associated With Cerebrovascular Disease,"Eisai Co., Ltd.",INDUSTRY
donepezil hydrochloride,NCT01129596,Alzheimer's Disease,"Eisai Co., Ltd.",INDUSTRY
Donepezil Hydrochloride,NCT02448784,Dementia With Lewy Body Disease,"Eisai Co., Ltd.",INDUSTRY
E2020-Donepezil hydrochloride,NCT02094053,Down Syndrome,"Eisai Co., Ltd.",INDUSTRY
Donepezil 5 mg,NCT01278407,Dementia With Lewy Bodies (DLB),"Eisai Co., Ltd.",INDUSTRY
Donepezil 10 mg,NCT01278407,Dementia With Lewy Bodies (DLB),"Eisai Co., Ltd.",INDUSTRY
Donepezil matched placebo,NCT01278407,Dementia With Lewy Bodies (DLB),"Eisai Co., Ltd.",INDUSTRY
Donepezil Hydrochloride,NCT01506739,Healthy Adult,"Eisai Co., Ltd.",INDUSTRY
3 mg Donepezil hydrochloride,NCT00543855,Dementia With Lewy Bodies (DLB),"Eisai Co., Ltd.",INDUSTRY
5 mg Donepezil hydrochloride,NCT00543855,Dementia With Lewy Bodies (DLB),"Eisai Co., Ltd.",INDUSTRY
10 mg Donepezil hydrochloride,NCT00543855,Dementia With Lewy Bodies (DLB),"Eisai Co., Ltd.",INDUSTRY
donepezil hydrochloride,NCT01251718,Alzheimer's Disease,"Eisai Co., Ltd.",INDUSTRY
Donepezil Hydrochloride,NCT02162264,Alzheimer's Disease,"Eisai Co., Ltd.",INDUSTRY
Donepezil Hydrochloride,NCT01506752,Healthy Adult,"Eisai Co., Ltd.",INDUSTRY
Donepezil,NCT02374567,Schizophrenia,Hannover Medical School,OTHER
Donepezil,NCT02374567,Dementia,Hannover Medical School,OTHER
Donepezil,NCT02374567,Depression,Hannover Medical School,OTHER
Donepezil,NCT02374567,Anxiety Disorders,Hannover Medical School,OTHER
Donepezil,NCT02374567,Psychosomatic Disorders,Hannover Medical School,OTHER
Donepezil Hydrochloride,NCT03907371,Cognitive Impairment,Sun Yat-Sen Memorial Hospital of Sun Yat-Sen University,OTHER
Donepezil Hydrochloride,NCT03907371,Radiation Injuries,Sun Yat-Sen Memorial Hospital of Sun Yat-Sen University,OTHER
Donepezil,NCT05540977,Urinary Retention After Procedure,Sun Yat-Sen Memorial Hospital of Sun Yat-Sen University,OTHER
"cholinesterase inhibitors (CI) (donepezil, galantamine or rivastigmine)",NCT03454646,Alzheimer Disease,"University Hospital, Bordeaux",OTHER
"cholinesterase inhibitors (CI) (donepezil, galantamine or rivastigmine)",NCT03454646,Cholinesterase Inhibitors,"University Hospital, Bordeaux",OTHER
DONEPEZIL,NCT05254639,Supportive Care,"University Hospital, Clermont-Ferrand",OTHER
DONEPEZIL,NCT05254639,Digestive Oncology,"University Hospital, Clermont-Ferrand",OTHER
Galantamine and Donepezil,NCT00750529,Alzheimer's Disease,"University Hospital, Clermont-Ferrand",OTHER
"Indistinguishable placebo tablets, matching both donepezil and choline",NCT01098383,Autism,Sheba Medical Center,OTHER_GOV
Donepezil,NCT05114499,Alzheimer Disease,First Affiliated Hospital Xi'an Jiaotong University,OTHER
Donepezil,NCT02711683,Alzheimer's Disease,First Affiliated Hospital Xi'an Jiaotong University,OTHER
Jelly with Donepezil,NCT02570581,Healthy,Centre Hospitalier Universitaire de Nice,OTHER
Apple compote Donepezil,NCT02570581,Healthy,Centre Hospitalier Universitaire de Nice,OTHER
Donepezil,NCT02787746,Alzheimer's Disease,Beijing Friendship Hospital,OTHER
Donepezil,NCT02927522,Rheumatoid Arthritis,RenJi Hospital,OTHER
Donepezil,NCT02927522,Osteoarthritis,RenJi Hospital,OTHER
Donepezil,NCT02927522,Femoral Head Necrosis,RenJi Hospital,OTHER
Donepezil,NCT04423276,Total Knee Arthroplasty,RenJi Hospital,OTHER
Donepezil,NCT04423276,Fracture of Head of Femur Articular Displaced,RenJi Hospital,OTHER
Donepezil,NCT04423276,Protrusion of Intervertebral Disc,RenJi Hospital,OTHER
Donepezil,NCT00151398,Alzheimer Disease,Wyeth is now a wholly owned subsidiary of Pfizer,INDUSTRY
Donepezil,NCT00519298,Healthy,Wyeth is now a wholly owned subsidiary of Pfizer,INDUSTRY
Donepezil,NCT00519298,Adult,Wyeth is now a wholly owned subsidiary of Pfizer,INDUSTRY
Donepezil,NCT00959881,Healthy Subjects,Wyeth is now a wholly owned subsidiary of Pfizer,INDUSTRY
Donepezil plus placebo,NCT00959881,Healthy Subjects,Wyeth is now a wholly owned subsidiary of Pfizer,INDUSTRY
gabapentin and donepezil,NCT00967707,Post-traumatic Neuropathic Pain,Uppsala University,OTHER
donepezil hydrochloride,NCT00069550,Rett Syndrome,Eunice Kennedy Shriver National Institute of Child Health and Human Development (NICHD),NIH
donepezil,NCT00868010,Ischemic Stroke,Eunice Kennedy Shriver National Institute of Child Health and Human Development (NICHD),NIH
Donepezil,NCT00004807,Rett Syndrome,Eunice Kennedy Shriver National Institute of Child Health and Human Development (NICHD),NIH
donepezil,NCT00062972,Multiple Sclerosis,Eunice Kennedy Shriver National Institute of Child Health and Human Development (NICHD),NIH
Donepezil and self-generated memory training,NCT00457769,Stroke,Kessler Foundation,OTHER
Donepezil and self-generated memory training,NCT00457769,Vascular Dementia,Kessler Foundation,OTHER
Donepezil and self-generated memory training,NCT00457769,Memory Deficits,Kessler Foundation,OTHER
Donepezil and experimenter-administered memory training,NCT00457769,Stroke,Kessler Foundation,OTHER
Donepezil and experimenter-administered memory training,NCT00457769,Vascular Dementia,Kessler Foundation,OTHER
Donepezil and experimenter-administered memory training,NCT00457769,Memory Deficits,Kessler Foundation,OTHER
donepezil,NCT00800553,Sleep Deprivation,Duke-NUS Graduate Medical School,OTHER
Donepezil,NCT01042314,Alzheimer Disease,Bristol-Myers Squibb,INDUSTRY
Donepezil,NCT02255799,Traumatic Brain Injury,Baylor College of Medicine,OTHER
Donepezil,NCT02255799,Memory Deficits,Baylor College of Medicine,OTHER
11C Donepezil PET/CT scan,NCT02573519,Diabetes Mellitus,University of Aarhus,OTHER
11C Donepezil PET/CT scan,NCT02573519,Gastrointestinal Motility Disorder,University of Aarhus,OTHER
11C Donepezil PET/CT scan,NCT02573519,Change of Transit or Circulation,University of Aarhus,OTHER
11C Donepezil PET/CT scan,NCT02573519,Diabetic Autonomic Neuropathy,University of Aarhus,OTHER
Donepezil,NCT01250977,Smoking,Abramson Cancer Center at Penn Medicine,OTHER
Donepezil,NCT00530478,Stroke,Samsung Medical Center,OTHER
donepezil,NCT01023425,Dementia,Samsung Medical Center,OTHER
donepezil,NCT01023425,Alzheimer's Disease,Samsung Medical Center,OTHER
Zydena (Udenafil) 50mg + Donepezil 5mg or 10mg,NCT01940952,Alzheimer's Disease,Samsung Medical Center,OTHER
Placebo + Donepezil 5mg or 10mg,NCT01940952,Alzheimer's Disease,Samsung Medical Center,OTHER
Zydena (Udenafil) 100mg + Donepezil 5mg or 10mg,NCT01940952,Alzheimer's Disease,Samsung Medical Center,OTHER
donepezil,NCT01023867,Dementia,Samsung Medical Center,OTHER
donepezil,NCT01023867,Alzheimer's Disease,Samsung Medical Center,OTHER
Donepezil,NCT00866060,Moderate to Severe Alzheimer's Disease,King's College London,OTHER
Placebo donepezil,NCT00866060,Moderate to Severe Alzheimer's Disease,King's College London,OTHER
donepezil,NCT00602680,Alzheimer's Disease,Sanofi,INDUSTRY
Donepezil,NCT01266525,Dementia Alzheimer's Type,Sanofi,INDUSTRY
Donepezil (Aricept),NCT06903910,Parkinson Disease,University of Virginia,OTHER
Donepezil Hydrochloride,NCT05709301,Parkinson Disease,Fundació Institut de Recerca de l'Hospital de la Santa Creu i Sant Pau,OTHER
Donepezil Hydrochloride,NCT05709301,Mild Cognitive Impairment,Fundació Institut de Recerca de l'Hospital de la Santa Creu i Sant Pau,OTHER
Donepezil,NCT01194336,"Biomarkers, Pharmacological",U.S. Army Medical Research and Development Command,FED
donepezil,NCT00408525,Alzheimer's Disease,Vanderbilt University,OTHER
Donepezil,NCT03316898,Alzheimer's Disease,Allergan,INDUSTRY
Donepezil and Lithium,NCT01191918,Bipolar Disorder,Shanghai Mental Health Center,OTHER
Donepezil and Lithium,NCT01191918,Mania,Shanghai Mental Health Center,OTHER
Donepezil for patients with AD and DLB,NCT05518409,Alzheimer Disease,First Affiliated Hospital of Zhejiang University,OTHER
Donepezil for patients with AD and DLB,NCT05518409,Neurodegenerative Diseases,First Affiliated Hospital of Zhejiang University,OTHER
Donepezil for patients with AD and DLB,NCT05518409,Lewy Body Disease,First Affiliated Hospital of Zhejiang University,OTHER
Melatonin and Donepezil,NCT02487082,Autism Spectrum Disorder,Stony Brook University,OTHER
Donepezil + Cognitive remediation therapy (CRT),NCT05042102,Alcohol Use Disorder,VA Connecticut Healthcare System,FED
Donepezil + Placebo CRT,NCT05042102,Alcohol Use Disorder,VA Connecticut Healthcare System,FED
Donepezil,NCT00566501,Alzheimer's Disease,Eisai Inc.,INDUSTRY
Aricept (donepezil hydrochloride),NCT00754052,Cognitive Dysfunction,Eisai Inc.,INDUSTRY
Aricept (donepezil hydrochloride),NCT00754052,Down Syndrome,Eisai Inc.,INDUSTRY
Donepezil hydrochloride,NCT00096473,Dementia,Eisai Inc.,INDUSTRY
Donepezil hydrochloride,NCT00096473,Alzheimer's Disease,Eisai Inc.,INDUSTRY
Aricept (donepezil hydrochloride),NCT00934375,Mild Cognitive Impairment,Eisai Inc.,INDUSTRY
donepezil,NCT02055703,Healthy Subjects,Eisai Inc.,INDUSTRY
Donepezil HCl,NCT00571064,Mild to Severe Alzheimer's Disease,Eisai Inc.,INDUSTRY
Donepezil Hydrochloride,NCT00293176,Memory Loss,Eisai Inc.,INDUSTRY
Donepezil Hydrochloride,NCT00165737,"Dementia, Vascular",Eisai Inc.,INDUSTRY
Donepezil hydrochloride (Aricept),NCT00675025,Down Syndrome,Eisai Inc.,INDUSTRY
Aricept (Donepezil hydrochloride),NCT00754013,Cognitive Dysfunction,Eisai Inc.,INDUSTRY
Aricept (Donepezil hydrochloride),NCT00754013,Down Syndrome,Eisai Inc.,INDUSTRY
Aricept (donepezil hydrochloride),NCT01146509,Migraine Headache,Eisai Inc.,INDUSTRY
Donepezil hydrochloride,NCT00477659,Alzheimer's Disease,Eisai Inc.,INDUSTRY
donepezil hydrochloride (Aricept),NCT00165763,Vascular Dementia,Eisai Inc.,INDUSTRY
Donepezil Hydrochloride (Aricept),NCT00711204,Severe Alzheimer's Disease,Eisai Inc.,INDUSTRY
Donepezil HCl,NCT00570128,Down Syndrome,Eisai Inc.,INDUSTRY
Prior Donepezil 5mg,NCT01327859,Dementia,Eisai Inc.,INDUSTRY
Prior Donepezil 5mg,NCT01327859,Parkinson's Disease,Eisai Inc.,INDUSTRY
Aricept (donepezil SR 23 mg),NCT00478205,Alzheimer's Disease,Eisai Inc.,INDUSTRY
Aricept (donepezil IR 10 mg),NCT00478205,Alzheimer's Disease,Eisai Inc.,INDUSTRY
Donepezil hydrochloride,NCT00688376,Attention Impairment,Eisai Inc.,INDUSTRY
Donepezil,NCT00006399,Alzheimer Disease,National Center for Research Resources (NCRR),NIH
Donepezil,NCT00220896,Cognitively Normal Elderly Individuals,Technical University of Munich,OTHER
Donepezil,NCT04134416,Aphasia,University of Malaga,OTHER
Donepezil,NCT04134416,Stroke,University of Malaga,OTHER
Donepezil Hydrochloride,NCT06828289,Alzheimer&#39;s Disease,Peking University First Hospital,OTHER
Donepezil administration,NCT01738295,Healthy,Université de Montréal,OTHER
Donepezil,NCT04117178,Alzheimer Disease,Zealand University Hospital,OTHER
Donepezil,NCT04117178,Dementia,Zealand University Hospital,OTHER
Donepezil,NCT04117178,Dementia With Lewy Bodies,Zealand University Hospital,OTHER
Donepezil,NCT04117178,Dementia Alzheimers,Zealand University Hospital,OTHER
Donepezil,NCT04117178,Dementia in Parkinsons Disease,Zealand University Hospital,OTHER
Donepezil (Aricept®),NCT06774261,Alzheimer Disease,Helse Stavanger HF,OTHER_GOV
Donepezil (Aricept®),NCT06774261,Mild Cognitive Impairment,Helse Stavanger HF,OTHER_GOV
Donepezil,NCT03810794,Alzheimer Disease,Shanghai University of Traditional Chinese Medicine,OTHER
Donepezil,NCT03810794,Cognitive Impairment,Shanghai University of Traditional Chinese Medicine,OTHER
"Donepezil, ODT 10 mg",NCT01297036,Alzheimer Disease,Korea University Anam Hospital,OTHER
"Donepezil, 10 mg tablet",NCT01297036,Alzheimer Disease,Korea University Anam Hospital,OTHER
donepezil hydrochloride,NCT01903824,Cognitive Impairment,"Teva Branded Pharmaceutical Products R&D, Inc.",INDUSTRY
Donepezil,NCT01439230,Healthy,Teva Pharmaceuticals USA,INDUSTRY
Donepezil Hydrochloride,NCT01260922,Healthy,Teva Pharmaceuticals USA,INDUSTRY
Donepezil Hydrochloride,NCT01260948,Healthy,Teva Pharmaceuticals USA,INDUSTRY
Donepezil,NCT01439243,Healthy,Teva Pharmaceuticals USA,INDUSTRY
donepezil,NCT02305836,Cognitive Impairment,Guang'anmen Hospital of China Academy of Chinese Medical Sciences,OTHER
Donepezil .,NCT01487395,Alzheimer Disease,"University Hospital, Lille",OTHER
Donepezil .,NCT01487395,Battery,"University Hospital, Lille",OTHER
donepezil treatment,NCT03299257,OSA,Associação Fundo de Incentivo à Pesquisa,OTHER
donepezil treatment,NCT03299257,Sleepiness,Associação Fundo de Incentivo à Pesquisa,OTHER
Donepezil,NCT02415062,Parkinson's Disease,Inje University,OTHER
High-dose donepezil,NCT01495195,Cocaine Use Disorders,Midwest Biomedical Research Foundation,OTHER
Low-dose donepezil,NCT01495195,Cocaine Use Disorders,Midwest Biomedical Research Foundation,OTHER
Donepezil,NCT01276067,Healthy,Ranbaxy Laboratories Limited,INDUSTRY
Donepezil,NCT01276080,Healthy,Ranbaxy Laboratories Limited,INDUSTRY
Donepezil,NCT00142324,Alzheimer's Disease,"Institute of Psychiatry, London",OTHER
Donepezil,NCT00042172,Alzheimer Disease,University of Iowa,OTHER
Donepezil,NCT00042172,Cognition Disorders,University of Iowa,OTHER
Torrent's Donepezil Hydrochloride Tablets 10mg,NCT01419366,Healthy,Torrent Pharmaceuticals Limited,INDUSTRY
Torrent's Donepezil Hydrochloride Tablets 10mg,NCT01419340,Healthy,Torrent Pharmaceuticals Limited,INDUSTRY
"Donepezil,",NCT01255046,Alzheimer Disease,"Sinphar Pharmaceutical Co., Ltd",OTHER
donepezil,NCT00267163,Cognition Disorders,National Institute on Aging (NIA),NIH
Donepezil,NCT00000173,Alzheimer Disease,National Institute on Aging (NIA),NIH
Donepezil 2.5 mg,NCT06687993,Anorexia Nervosa Restricting Type,Centre Hospitalier St Anne,OTHER
Donepezil 5 mg,NCT06687993,Anorexia Nervosa Restricting Type,Centre Hospitalier St Anne,OTHER
Donepezil hydrochloride tablets or carpalatine bitartrate tablets,NCT05641480,Alzheimer Disease,Shaanxi Hospital of Traditional Chinese Medicine,OTHER
Donepezil hydrochloride tablets or carpalatine bitartrate tablets,NCT05641480,Mild Cognitive Impairment,Shaanxi Hospital of Traditional Chinese Medicine,OTHER
Donepezil hydrochloride tablets or carpalatine bitartrate tablets,NCT05641480,Subjective Cognitive Decline,Shaanxi Hospital of Traditional Chinese Medicine,OTHER
Donepezil hydrochloride tablets or carpalatine bitartrate tablets,NCT05641480,Mild Dementia,Shaanxi Hospital of Traditional Chinese Medicine,OTHER
donepezil,NCT00190021,Dementia of Alzheimer Type,Beersheva Mental Health Center,OTHER_GOV
Donepezil,NCT02580305,Alzheimer's Disease,Suven Life Sciences Limited,INDUSTRY
Donepezil Hydrochloride,NCT05078944,Alzheimer Disease 1,"Shanghai Institute of Acupuncture, Moxibustion and Meridian",OTHER
donepezil,NCT01849042,Dementia,Konkuk University Medical Center,OTHER
donepezil,NCT01849042,Alzheimer's Disease,Konkuk University Medical Center,OTHER
Donepezil,NCT01379001,Cholinergic Function,Hebrew SeniorLife,OTHER
donepezil,NCT00139373,"Supranuclear Palsy, Progressive",Groupe Hospitalier Pitie-Salpetriere,OTHER
Donepezil,NCT00465283,Schizophrenia,BeerYaakov Mental Health Center,OTHER_GOV
Donepezil,NCT00465283,Schizoaffective Disorder,BeerYaakov Mental Health Center,OTHER_GOV
Donepezil,NCT00465283,Schizophreniform Disorder,BeerYaakov Mental Health Center,OTHER_GOV
Tianzhi granule and placebo identified to donepezil,NCT02453932,Vascular Dementia,"Dongzhimen Hospital, Beijing",OTHER
Donepezil and placebo identified to Tianzhi granule,NCT02453932,Vascular Dementia,"Dongzhimen Hospital, Beijing",OTHER
Donepezil,NCT01743976,Neuropathic Pain,Wake Forest University,OTHER
donepezil,NCT00619983,Chronic Low Back Pain,Wake Forest University,OTHER
donepezil,NCT00619983,Diabetic Neuropathic Pain,Wake Forest University,OTHER
donepezil 2.5 mg and duloxetine 30mg,NCT00619983,Chronic Low Back Pain,Wake Forest University,OTHER
donepezil 2.5 mg and duloxetine 30mg,NCT00619983,Diabetic Neuropathic Pain,Wake Forest University,OTHER
Donepezil,NCT00423228,Moderate Alzheimer's Disease,Debiopharm International SA,INDUSTRY
Donepezil Hydrochloride,NCT03151382,Alzheimer Disease,Zhejiang Provincial People's Hospital,OTHER
Donepezil Hydrochloride,NCT03151382,Cognitive Function,Zhejiang Provincial People's Hospital,OTHER
Donepezil hydrochloride tablets,NCT07066826,Alzheimer Dementia,"Wanbangde Pharmaceutical Group Co., LTD",INDUSTRY
Huperzine A controlled-release tablets placebo; Donepezil hydrochloride tablets placebo,NCT07066826,Alzheimer Dementia,"Wanbangde Pharmaceutical Group Co., LTD",INDUSTRY
Donepezil,NCT01461174,Healthy,Qualissima,OTHER
Donepezil,NCT01466088,Alzheimer's Disease,Targacept Inc.,INDUSTRY
Donepezil,NCT00381381,Alzheimer's Disease,Eisai Korea Inc.,INDUSTRY
Donepezil Hydrochloride,NCT00165724,Alzheimer's Disease,Eisai Korea Inc.,INDUSTRY
DONEPEZIL HYDROCHLORIDE,NCT00165750,Alzheimer's Disease,Eisai Korea Inc.,INDUSTRY
Donepezil HCL,NCT02097056,Alzheimer's Disease,Eisai Korea Inc.,INDUSTRY
Donepezil,NCT00505167,"Dementia, Alzheimer Type",Hospital Miguel Servet,OTHER
Donepezil,NCT01490567,Schizophrenia,Central South University,OTHER
Donepezil,NCT01490567,Impaired Cognition,Central South University,OTHER
Donepezil,NCT00776347,Dementia With Lewy Bodies (DLB),Osaka University,OTHER
donepezil,NCT00912457,Obstructive Sleep Apnea,Associacao Fundo de Incentivo a Psicofarmcologia,OTHER
donepezil,NCT00480870,Alzheimer Disease,Associacao Fundo de Incentivo a Psicofarmcologia,OTHER
donepezil,NCT00480870,"Sleep Apnea, Obstructive",Associacao Fundo de Incentivo a Psicofarmcologia,OTHER
Donepezil,NCT00766363,Alzheimer's Disease,FORUM Pharmaceuticals Inc,INDUSTRY
Donepezil,NCT00766363,Central Nervous System Diseases,FORUM Pharmaceuticals Inc,INDUSTRY
Donepezil,NCT01014858,Parkinson's Disease,Newcastle-upon-Tyne Hospitals NHS Trust,OTHER
Donepezil,NCT01822951,Alzheimer Disease,Ever Neuro Pharma GmbH,INDUSTRY
Cerebrolysin + donepezil,NCT00911807,Alzheimer Disease,Ever Neuro Pharma GmbH,INDUSTRY
Donepezil + placebo,NCT00911807,Alzheimer Disease,Ever Neuro Pharma GmbH,INDUSTRY
Donepezil,NCT02549196,Dementia of Alzheimer's Type,"Chase Pharmaceuticals Corporation, an affiliate of Allergan plc",INDUSTRY
Donepezil Pamoate for Injection 17mg,NCT03932916,AD,"Shanghai Synergy Pharmaceutical Sciences Co., Ltd.",INDUSTRY
Donepezil Pamoate for Injection 34mg,NCT03932916,AD,"Shanghai Synergy Pharmaceutical Sciences Co., Ltd.",INDUSTRY
Donepezil Hydrochloride 5mg,NCT03932916,AD,"Shanghai Synergy Pharmaceutical Sciences Co., Ltd.",INDUSTRY
Donepezil Dihydroxynaphthalate for Injection,NCT06373094,Alzheimer Disease,"Shanghai Synergy Pharmaceutical Sciences Co., Ltd.",INDUSTRY
Donepezil,NCT00533065,Elderly,Ludwig Boltzmann Gesellschaft,OTHER
Donepezil TDS,NCT04617782,Healthy Subjects,"Corium, Inc.",INDUSTRY
Donepezil TDS,NCT03432195,Alzheimer's Disease,"Corium, Inc.",INDUSTRY
Donepezil TDS,NCT03259958,Alzheimer's Disease,"Corium, Inc.",INDUSTRY
Donepezil TDS,NCT03397862,Skin Irritation,"Corium, Inc.",INDUSTRY
Donepezil TDS,NCT03397862,Sensitization,"Corium, Inc.",INDUSTRY
Donepezil TDS Version A,NCT02968719,Alzheimer Disease,"Corium, Inc.",INDUSTRY
Donepezil TDS Version B,NCT02968719,Alzheimer Disease,"Corium, Inc.",INDUSTRY
Donepezil TDS Version D,NCT02968719,Alzheimer Disease,"Corium, Inc.",INDUSTRY
Donepezil TDS Version E,NCT02968719,Alzheimer Disease,"Corium, Inc.",INDUSTRY
Donepezil TDS,NCT03438604,Alzheimer's Disease,"Corium, Inc.",INDUSTRY
donepezil (5-10 mg/day),NCT00206947,Schizophrenia,Birte Glenthoj,OTHER
Donepezil Hydrochloride Tablets,NCT06393413,Ensure the Legality and Compliance of the Testing Process,Changchun University of Chinese Medicine,OTHER
Donepezil,NCT06417086,Alzheimer Disease,ZhanYJ,OTHER
Donepezil,NCT06417086,Cognitive Impairment,ZhanYJ,OTHER
Donepezil,NCT03030105,Alzheimer Disease,Tetra Discovery Partners,INDUSTRY
Donepezil placebo,NCT03030105,Alzheimer Disease,Tetra Discovery Partners,INDUSTRY
Donepezil,NCT03698695,Alzheimer Disease,Theranexus,INDUSTRY
Donepezil,NCT03698695,Cognitive Impairment,Theranexus,INDUSTRY
Donepezil,NCT03011476,Parkinson Disease,Kyung Hee University Hospital,OTHER
Donepezil,NCT00182884,Delirium,Indiana University Health,OTHER
Donepezil,NCT00182884,Postoperative Complications,Indiana University Health,OTHER
Donepezil patch,NCT03197740,Alzheimer Disease,Icure Pharmaceutical Inc.,INDUSTRY
Donepezil,NCT02178124,Alzheimer Disease,Icure Pharmaceutical Inc.,INDUSTRY
Donepezil patch,NCT01860625,Alzheimer Disease,Icure Pharmaceutical Inc.,INDUSTRY
Donepezil,NCT00693004,Alzheimer's Disease,"Epix Pharmaceuticals, Inc.",INDUSTRY
350 mg Donepezil Transdermal Patch,NCT00916383,Irritation/Irritant,"Teikoku Pharma USA, Inc.",INDUSTRY
Donepezil,NCT03055741,Mild-moderate Alzheimer's Disease,"Daehwa Pharmaceutical Co., Ltd.",INDUSTRY
Donepezil,NCT05811000,Mild Alzheimer Disease,"Mediforum Ltd., Co.",INDUSTRY
Donepezil placebo,NCT05811000,Mild Alzheimer Disease,"Mediforum Ltd., Co.",INDUSTRY
Donepezil,NCT02331771,Memory Impairment,Porter Adventist Hospital,OTHER
Donepezil,NCT00196690,Aphasia,Gabinete Berthier y Martínez,OTHER
Donepezil,NCT00196690,Stroke,Gabinete Berthier y Martínez,OTHER
[11C]donepezil PET,NCT02012595,Parkinson's Disease,Per Borghammer,OTHER
[11C]donepezil PET,NCT01877538,Parkinson's Disease,Per Borghammer,OTHER
Donepezil HCI (drug),NCT00315367,Relapsing-Remitting Multiple Sclerosis,Neurognostics,INDUSTRY
Donepezil,NCT03109314,Amblyopia,Dennis Levi,OTHER
Donepezil,NCT01451749,Mild Cognitive Impairment,North China Pharmaceutical Group Corporation,INDUSTRY
